VEN_10DE&DEV_1C94&SUBSYS_09D91028&REV_A1	10DE	1C94	@oem14.inf,%nvidia_dev.1c94.09d9.1028%;NVIDIA GeForce MX350
VEN_8086&DEV_09AB&SUBSYS_00000000&REV_00	8086	09AB	@oem24.inf,%pci\ven_8086&dev_09ab.devicedesc%;Intel RST VMD Managed Controller 09AB
VEN_8086&DEV_9A03&SUBSYS_09D91028&REV_01	8086	9A03	@oem10.inf,%proctgl.devicedesc%;Intel(R) Dynamic Tuning Processor Participant
VEN_8086&DEV_9A09&SUBSYS_09D91028&REV_01	8086	9A09	@oem42.inf,%pci\ven_8086&dev_9a09desc%;Intel(R) PEG60 - 9A09
VEN_8086&DEV_9A0B&SUBSYS_09D91028&REV_00	8086	9A0B	@oem24.inf,%pci\ven_8086&dev_9a0b.devicedesc%;Intel RST VMD Controller 9A0B
VEN_8086&DEV_9A0D&SUBSYS_09D91028&REV_01	8086	9A0D	@intelpmt.inf,%intelpmt.drvdesc%;Intel(R) Platform Monitoring Technology Driver
VEN_8086&DEV_9A13&SUBSYS_00000000&REV_01	8086	9A13	@usbxhci.inf,%pci\cc_0c0330.devicedesc%;USB xHCI Compliant Host Controller
VEN_8086&DEV_9A14&SUBSYS_09D91028&REV_01	8086	9A14	@oem42.inf,%pci\ven_8086&dev_9a14desc%;Intel(R) Host Bridge/DRAM Registers - 9A14
VEN_8086&DEV_9A1B&SUBSYS_11112222&REV_01	8086	9A1B	@oem51.inf,%tbtbusdrv_devicedesc9a1b%;Thunderbolt(TM) Controller - 9A1B
VEN_8086&DEV_9A23&SUBSYS_09D91028&REV_01	8086	9A23	@oem42.inf,%pci\ven_8086&dev_9a23desc%;Intel(R) TypeC PCIE - 9A23
VEN_8086&DEV_9A49&SUBSYS_09D91028&REV_01	8086	9A49	@oem165.inf,%intel_dev_9a49%;Intel(R) Iris(R) Xe Graphics
VEN_8086&DEV_A082&SUBSYS_09D91028&REV_20	8086	A082	@oem153.inf,%pci\ven_8086&dev_a082desc%;Intel(R) LPC Controller/eSPI Controller (U Premium) - A082
VEN_8086&DEV_A0A3&SUBSYS_09D91028&REV_20	8086	A0A3	@oem153.inf,%pci\ven_8086&dev_a0a3desc%;Intel(R) SMBus - A0A3
VEN_8086&DEV_A0A4&SUBSYS_09D91028&REV_20	8086	A0A4	@oem153.inf,%pci\ven_8086&dev_a0a4desc%;Intel(R) SPI (flash) Controller - A0A4
VEN_8086&DEV_A0C8&SUBSYS_09D91028&REV_20	8086	A0C8	@oem91.inf,%intcaudiobus.devicedesc%;Intel® Smart Sound Technology BUS
VEN_8086&DEV_A0E0&SUBSYS_09D91028&REV_20	8086	A0E0	@oem70.inf,%tee_devicedesc1%;Intel(R) Management Engine Interface #1
VEN_8086&DEV_A0E8&SUBSYS_09D91028&REV_20	8086	A0E8	@oem46.inf,%ialpss2_i2c_tgl.devicedesc_0%;Intel(R) Serial IO I2C Host Controller - A0E8
VEN_8086&DEV_A0E9&SUBSYS_09D91028&REV_20	8086	A0E9	@oem46.inf,%ialpss2_i2c_tgl.devicedesc_1%;Intel(R) Serial IO I2C Host Controller - A0E9
VEN_8086&DEV_A0ED&SUBSYS_00000000&REV_20	8086	A0ED	@usbxhci.inf,%pci\cc_0c0330.devicedesc%;USB xHCI Compliant Host Controller
VEN_8086&DEV_A0EF&SUBSYS_09D91028&REV_20	8086	A0EF	@machine.inf,%pci\cc_0500_desc%;PCI standard RAM Controller
VEN_8086&DEV_A0F0&SUBSYS_40708086&REV_20	8086	A0F0	@oem25.inf,%nic_201_2x2_ax%;Intel(R) Wi-Fi 6 AX201 160MHz
VEN_8086&DEV_A0FC&SUBSYS_09D91028&REV_20	8086	A0FC	@oem212.inf,%ish_devicedesc%;Intel(R) Integrated Sensor Solution
PCI\VEN_8086&DEV_9A03&SUBSYS_09D91028&REV_01\3&11583659&0&20	wmi	Intel(R) Dynamic Tuning Processor Participant
PCI\VEN_8086&DEV_A0E8&SUBSYS_09D91028&REV_20\3&11583659&0&A8	wmi	Intel(R) Serial IO I2C Host Controller - A0E8
PCI\VEN_8086&DEV_9A14&SUBSYS_09D91028&REV_01\3&11583659&0&00	wmi	Intel(R) Host Bridge/DRAM Registers - 9A14
PCI\VEN_8086&DEV_9A0B&SUBSYS_09D91028&REV_00\3&11583659&0&70	wmi	Intel RST VMD Controller 9A0B
PCI\VEN_8086&DEV_09AB&SUBSYS_00000000&REV_00\3&11583659&0&E8	wmi	Intel RST VMD Managed Controller 09AB
PCI\VEN_8086&DEV_A0C8&SUBSYS_09D91028&REV_20\3&11583659&0&FB	wmi	Intel® Smart Sound Technology BUS
PCI\VEN_8086&DEV_A0A3&SUBSYS_09D91028&REV_20\3&11583659&0&FC	wmi	Intel(R) SMBus - A0A3
PCI\VEN_8086&DEV_A0FC&SUBSYS_09D91028&REV_20\3&11583659&0&90	wmi	Intel(R) Integrated Sensor Solution
PCI\VEN_8086&DEV_A0F0&SUBSYS_40708086&REV_20\3&11583659&0&A3	wmi	Intel(R) Wi-Fi 6 AX201 160MHz
PCI\VEN_8086&DEV_9A49&SUBSYS_09D91028&REV_01\3&11583659&0&10	wmi	Intel(R) Iris(R) Xe Graphics
PCI\VEN_8086&DEV_9A13&SUBSYS_00000000&REV_01\3&11583659&0&68	wmi	Intel(R) USB 3.10 eXtensible Host Controller - 1.20 (Microsoft)
PCI\VEN_8086&DEV_9A1B&SUBSYS_11112222&REV_01\3&11583659&0&6A	wmi	Thunderbolt(TM) Controller - 9A1B
PCI\VEN_8086&DEV_A0E9&SUBSYS_09D91028&REV_20\3&11583659&0&A9	wmi	Intel(R) Serial IO I2C Host Controller - A0E9
PCI\VEN_8086&DEV_A0ED&SUBSYS_00000000&REV_20\3&11583659&0&A0	wmi	Intel(R) USB 3.10 eXtensible Host Controller - 1.20 (Microsoft)
PCI\VEN_8086&DEV_9A0D&SUBSYS_09D91028&REV_01\3&11583659&0&50	wmi	Intel(R) Platform Monitoring Technology Driver
PCI\VEN_10DE&DEV_1C94&SUBSYS_09D91028&REV_A1\4&29C91BF1&0&0030	wmi	NVIDIA GeForce MX350
PCI\VEN_8086&DEV_9A09&SUBSYS_09D91028&REV_01\3&11583659&0&30	wmi	Intel(R) PEG60 - 9A09
PCI\VEN_8086&DEV_9A23&SUBSYS_09D91028&REV_01\3&11583659&0&38	wmi	Intel(R) TypeC PCIE - 9A23
PCI\VEN_8086&DEV_A0EF&SUBSYS_09D91028&REV_20\3&11583659&0&A2	wmi	PCI standard RAM Controller
PCI\VEN_8086&DEV_A0A4&SUBSYS_09D91028&REV_20\3&11583659&0&FD	wmi	Intel(R) SPI (flash) Controller - A0A4
PCI\VEN_8086&DEV_A082&SUBSYS_09D91028&REV_20\3&11583659&0&F8	wmi	Intel(R) LPC Controller/eSPI Controller (U Premium) - A082
PCI\VEN_8086&DEV_A0E0&SUBSYS_09D91028&REV_20\3&11583659&0&B0	wmi	Intel(R) Management Engine Interface #1
